match_id,utc_date,status,matchday,competition_code,competition_name,country,home_team_id,home_team_name,away_team_id,away_team_name,home_goals,away_goals,last_updated
537785,2025-08-15T19:00:00Z,FINISHED,1,PL,Premier League,England,64,Liverpool FC,1044,AFC Bournemouth,4.0,2.0,2026-01-13T00:20:53Z
537786,2025-08-16T11:30:00Z,FINISHED,1,PL,Premier League,England,58,Aston Villa FC,67,Newcastle United FC,0.0,0.0,2026-01-13T00:20:53Z
537787,2025-08-16T14:00:00Z,FINISHED,1,PL,Premier League,England,397,Brighton & Hove Albion FC,63,Fulham FC,1.0,1.0,2026-01-13T00:20:53Z
537789,2025-08-16T14:00:00Z,FINISHED,1,PL,Premier League,England,71,Sunderland AFC,563,West Ham United FC,3.0,0.0,2026-01-13T00:20:53Z
537790,2025-08-16T14:00:00Z,FINISHED,1,PL,Premier League,England,73,Tottenham Hotspur FC,328,Burnley FC,3.0,0.0,2026-01-13T00:20:53Z
537791,2025-08-16T16:30:00Z,FINISHED,1,PL,Premier League,England,76,Wolverhampton Wanderers FC,65,Manchester City FC,0.0,4.0,2026-01-13T00:20:53Z
537788,2025-08-17T13:00:00Z,FINISHED,1,PL,Premier League,England,351,Nottingham Forest FC,402,Brentford FC,3.0,1.0,2026-01-13T00:20:53Z
537792,2025-08-17T13:00:00Z,FINISHED,1,PL,Premier League,England,61,Chelsea FC,354,Crystal Palace FC,0.0,0.0,2026-01-13T00:20:53Z
537793,2025-08-17T15:30:00Z,FINISHED,1,PL,Premier League,England,66,Manchester United FC,57,Arsenal FC,0.0,1.0,2026-01-13T00:20:53Z
537794,2025-08-18T19:00:00Z,FINISHED,1,PL,Premier League,England,341,Leeds United FC,62,Everton FC,1.0,0.0,2026-01-13T00:20:53Z
537804,2025-08-22T19:00:00Z,FINISHED,2,PL,Premier League,England,563,West Ham United FC,61,Chelsea FC,1.0,5.0,2026-01-13T00:20:53Z
537802,2025-08-23T11:30:00Z,FINISHED,2,PL,Premier League,England,65,Manchester City FC,73,Tottenham Hotspur FC,0.0,2.0,2026-01-13T00:20:53Z
537795,2025-08-23T14:00:00Z,FINISHED,2,PL,Premier League,England,1044,AFC Bournemouth,76,Wolverhampton Wanderers FC,1.0,0.0,2026-01-13T00:20:53Z
537798,2025-08-23T14:00:00Z,FINISHED,2,PL,Premier League,England,402,Brentford FC,58,Aston Villa FC,1.0,0.0,2026-01-13T00:20:53Z
537799,2025-08-23T14:00:00Z,FINISHED,2,PL,Premier League,England,328,Burnley FC,71,Sunderland AFC,2.0,0.0,2026-01-13T00:20:53Z
537797,2025-08-23T16:30:00Z,FINISHED,2,PL,Premier League,England,57,Arsenal FC,341,Leeds United FC,5.0,0.0,2026-01-13T00:20:53Z
537796,2025-08-24T13:00:00Z,FINISHED,2,PL,Premier League,England,354,Crystal Palace FC,351,Nottingham Forest FC,1.0,1.0,2026-01-13T00:20:53Z
537800,2025-08-24T13:00:00Z,FINISHED,2,PL,Premier League,England,62,Everton FC,397,Brighton & Hove Albion FC,2.0,0.0,2026-01-13T00:20:53Z
537801,2025-08-24T15:30:00Z,FINISHED,2,PL,Premier League,England,63,Fulham FC,66,Manchester United FC,1.0,1.0,2026-01-13T00:20:53Z
537803,2025-08-25T19:00:00Z,FINISHED,2,PL,Premier League,England,67,Newcastle United FC,64,Liverpool FC,2.0,3.0,2026-01-13T00:20:53Z
537808,2025-08-30T11:30:00Z,FINISHED,3,PL,Premier League,England,61,Chelsea FC,63,Fulham FC,2.0,0.0,2026-01-13T00:20:53Z
537805,2025-08-30T14:00:00Z,FINISHED,3,PL,Premier League,England,71,Sunderland AFC,402,Brentford FC,2.0,1.0,2026-01-13T00:20:53Z
537811,2025-08-30T14:00:00Z,FINISHED,3,PL,Premier League,England,66,Manchester United FC,328,Burnley FC,3.0,2.0,2026-01-13T00:20:53Z
537813,2025-08-30T14:00:00Z,FINISHED,3,PL,Premier League,England,73,Tottenham Hotspur FC,1044,AFC Bournemouth,0.0,1.0,2026-01-13T00:20:53Z
537814,2025-08-30T14:00:00Z,FINISHED,3,PL,Premier League,England,76,Wolverhampton Wanderers FC,62,Everton FC,2.0,3.0,2026-01-13T00:20:53Z
537810,2025-08-30T16:30:00Z,FINISHED,3,PL,Premier League,England,341,Leeds United FC,67,Newcastle United FC,0.0,0.0,2026-01-13T00:20:53Z
537807,2025-08-31T13:00:00Z,FINISHED,3,PL,Premier League,England,397,Brighton & Hove Albion FC,65,Manchester City FC,2.0,1.0,2026-01-13T00:20:53Z
537812,2025-08-31T13:00:00Z,FINISHED,3,PL,Premier League,England,351,Nottingham Forest FC,563,West Ham United FC,0.0,3.0,2026-01-13T00:20:53Z
537809,2025-08-31T15:30:00Z,FINISHED,3,PL,Premier League,England,64,Liverpool FC,57,Arsenal FC,1.0,0.0,2026-01-13T00:20:53Z
537806,2025-08-31T18:00:00Z,FINISHED,3,PL,Premier League,England,58,Aston Villa FC,354,Crystal Palace FC,0.0,3.0,2026-01-13T00:20:53Z
537817,2025-09-13T11:30:00Z,FINISHED,4,PL,Premier League,England,57,Arsenal FC,351,Nottingham Forest FC,3.0,0.0,2026-01-13T00:20:53Z
537815,2025-09-13T14:00:00Z,FINISHED,4,PL,Premier League,England,1044,AFC Bournemouth,397,Brighton & Hove Albion FC,2.0,1.0,2026-01-13T00:20:53Z
537816,2025-09-13T14:00:00Z,FINISHED,4,PL,Premier League,England,354,Crystal Palace FC,71,Sunderland AFC,0.0,0.0,2026-01-13T00:20:53Z
537820,2025-09-13T14:00:00Z,FINISHED,4,PL,Premier League,England,62,Everton FC,58,Aston Villa FC,0.0,0.0,2026-01-13T00:20:53Z
537821,2025-09-13T14:00:00Z,FINISHED,4,PL,Premier League,England,63,Fulham FC,341,Leeds United FC,1.0,0.0,2026-01-13T00:20:53Z
537823,2025-09-13T14:00:00Z,FINISHED,4,PL,Premier League,England,67,Newcastle United FC,76,Wolverhampton Wanderers FC,1.0,0.0,2026-01-13T00:20:53Z
537824,2025-09-13T16:30:00Z,FINISHED,4,PL,Premier League,England,563,West Ham United FC,73,Tottenham Hotspur FC,0.0,3.0,2026-01-13T00:20:53Z
537818,2025-09-13T19:00:00Z,FINISHED,4,PL,Premier League,England,402,Brentford FC,61,Chelsea FC,2.0,2.0,2026-01-13T00:20:53Z
537819,2025-09-14T13:00:00Z,FINISHED,4,PL,Premier League,England,328,Burnley FC,64,Liverpool FC,0.0,1.0,2026-01-13T00:20:53Z
537822,2025-09-14T15:30:00Z,FINISHED,4,PL,Premier League,England,65,Manchester City FC,66,Manchester United FC,3.0,0.0,2026-01-13T00:20:53Z
537831,2025-09-20T11:30:00Z,FINISHED,5,PL,Premier League,England,64,Liverpool FC,62,Everton FC,2.0,1.0,2026-01-13T00:20:53Z
537827,2025-09-20T14:00:00Z,FINISHED,5,PL,Premier League,England,397,Brighton & Hove Albion FC,73,Tottenham Hotspur FC,2.0,2.0,2026-01-13T00:20:53Z
537829,2025-09-20T14:00:00Z,FINISHED,5,PL,Premier League,England,328,Burnley FC,351,Nottingham Forest FC,1.0,1.0,2026-01-13T00:20:53Z
537833,2025-09-20T14:00:00Z,FINISHED,5,PL,Premier League,England,563,West Ham United FC,354,Crystal Palace FC,1.0,2.0,2026-01-13T00:20:53Z
537834,2025-09-20T14:00:00Z,FINISHED,5,PL,Premier League,England,76,Wolverhampton Wanderers FC,341,Leeds United FC,1.0,3.0,2026-01-13T00:20:53Z
537832,2025-09-20T16:30:00Z,FINISHED,5,PL,Premier League,England,66,Manchester United FC,61,Chelsea FC,2.0,1.0,2026-01-13T00:20:53Z
537830,2025-09-20T19:00:00Z,FINISHED,5,PL,Premier League,England,63,Fulham FC,402,Brentford FC,3.0,1.0,2026-01-13T00:20:53Z
537825,2025-09-21T13:00:00Z,FINISHED,5,PL,Premier League,England,1044,AFC Bournemouth,67,Newcastle United FC,0.0,0.0,2026-01-13T00:20:53Z
537826,2025-09-21T13:00:00Z,FINISHED,5,PL,Premier League,England,71,Sunderland AFC,58,Aston Villa FC,1.0,1.0,2026-01-13T00:20:53Z
537828,2025-09-21T15:30:00Z,FINISHED,5,PL,Premier League,England,57,Arsenal FC,65,Manchester City FC,1.0,1.0,2026-01-13T00:20:53Z
537837,2025-09-27T11:30:00Z,FINISHED,6,PL,Premier League,England,402,Brentford FC,66,Manchester United FC,3.0,1.0,2026-01-13T00:20:53Z
537836,2025-09-27T14:00:00Z,FINISHED,6,PL,Premier League,England,354,Crystal Palace FC,64,Liverpool FC,2.0,1.0,2026-01-13T00:20:53Z
537838,2025-09-27T14:00:00Z,FINISHED,6,PL,Premier League,England,61,Chelsea FC,397,Brighton & Hove Albion FC,1.0,3.0,2026-01-13T00:20:53Z
537840,2025-09-27T14:00:00Z,FINISHED,6,PL,Premier League,England,341,Leeds United FC,1044,AFC Bournemouth,2.0,2.0,2026-01-13T00:20:53Z
537841,2025-09-27T14:00:00Z,FINISHED,6,PL,Premier League,England,65,Manchester City FC,328,Burnley FC,5.0,1.0,2026-01-13T00:20:53Z
537843,2025-09-27T16:30:00Z,FINISHED,6,PL,Premier League,England,351,Nottingham Forest FC,71,Sunderland AFC,0.0,1.0,2026-01-13T00:20:53Z
537844,2025-09-27T19:00:00Z,FINISHED,6,PL,Premier League,England,73,Tottenham Hotspur FC,76,Wolverhampton Wanderers FC,1.0,1.0,2026-01-13T00:20:53Z
537835,2025-09-28T13:00:00Z,FINISHED,6,PL,Premier League,England,58,Aston Villa FC,63,Fulham FC,3.0,1.0,2026-01-13T00:20:53Z
537842,2025-09-28T15:30:00Z,FINISHED,6,PL,Premier League,England,67,Newcastle United FC,57,Arsenal FC,1.0,2.0,2026-01-13T00:20:53Z
537839,2025-09-29T19:00:00Z,FINISHED,6,PL,Premier League,England,62,Everton FC,563,West Ham United FC,1.0,1.0,2026-01-13T00:20:53Z
537845,2025-10-03T19:00:00Z,FINISHED,7,PL,Premier League,England,1044,AFC Bournemouth,63,Fulham FC,3.0,1.0,2026-01-13T00:20:53Z
537851,2025-10-04T11:30:00Z,FINISHED,7,PL,Premier League,England,341,Leeds United FC,73,Tottenham Hotspur FC,1.0,2.0,2026-01-13T00:20:53Z
537847,2025-10-04T14:00:00Z,FINISHED,7,PL,Premier League,England,57,Arsenal FC,563,West Ham United FC,2.0,0.0,2026-01-13T00:20:53Z
537852,2025-10-04T14:00:00Z,FINISHED,7,PL,Premier League,England,66,Manchester United FC,71,Sunderland AFC,2.0,0.0,2026-01-13T00:20:53Z
537849,2025-10-04T16:30:00Z,FINISHED,7,PL,Premier League,England,61,Chelsea FC,64,Liverpool FC,2.0,1.0,2026-01-13T00:20:53Z
537846,2025-10-05T13:00:00Z,FINISHED,7,PL,Premier League,England,58,Aston Villa FC,328,Burnley FC,2.0,1.0,2026-01-13T00:20:53Z
537850,2025-10-05T13:00:00Z,FINISHED,7,PL,Premier League,England,62,Everton FC,354,Crystal Palace FC,2.0,1.0,2026-01-13T00:20:53Z
537853,2025-10-05T13:00:00Z,FINISHED,7,PL,Premier League,England,67,Newcastle United FC,351,Nottingham Forest FC,2.0,0.0,2026-01-13T00:20:53Z
537854,2025-10-05T13:00:00Z,FINISHED,7,PL,Premier League,England,76,Wolverhampton Wanderers FC,397,Brighton & Hove Albion FC,1.0,1.0,2026-01-13T00:20:53Z
537848,2025-10-05T15:30:00Z,FINISHED,7,PL,Premier League,England,402,Brentford FC,65,Manchester City FC,0.0,1.0,2026-01-13T00:20:53Z
537862,2025-10-18T11:30:00Z,FINISHED,8,PL,Premier League,England,351,Nottingham Forest FC,61,Chelsea FC,0.0,3.0,2026-01-13T00:20:53Z
537856,2025-10-18T14:00:00Z,FINISHED,8,PL,Premier League,England,397,Brighton & Hove Albion FC,67,Newcastle United FC,2.0,1.0,2026-01-13T00:20:53Z
537857,2025-10-18T14:00:00Z,FINISHED,8,PL,Premier League,England,354,Crystal Palace FC,1044,AFC Bournemouth,3.0,3.0,2026-01-13T00:20:53Z
537858,2025-10-18T14:00:00Z,FINISHED,8,PL,Premier League,England,328,Burnley FC,341,Leeds United FC,2.0,0.0,2026-01-13T00:20:53Z
537861,2025-10-18T14:00:00Z,FINISHED,8,PL,Premier League,England,65,Manchester City FC,62,Everton FC,2.0,0.0,2026-01-13T00:20:53Z
537855,2025-10-18T14:00:00Z,FINISHED,8,PL,Premier League,England,71,Sunderland AFC,76,Wolverhampton Wanderers FC,2.0,0.0,2026-01-13T00:20:53Z
537859,2025-10-18T16:30:00Z,FINISHED,8,PL,Premier League,England,63,Fulham FC,57,Arsenal FC,0.0,1.0,2026-01-13T00:20:53Z
537863,2025-10-19T13:00:00Z,FINISHED,8,PL,Premier League,England,73,Tottenham Hotspur FC,58,Aston Villa FC,1.0,2.0,2026-01-13T00:20:53Z
537860,2025-10-19T15:30:00Z,FINISHED,8,PL,Premier League,England,64,Liverpool FC,66,Manchester United FC,1.0,2.0,2026-01-13T00:20:53Z
537864,2025-10-20T19:00:00Z,FINISHED,8,PL,Premier League,England,563,West Ham United FC,402,Brentford FC,0.0,2.0,2026-01-13T00:20:53Z
537871,2025-10-24T19:00:00Z,FINISHED,9,PL,Premier League,England,341,Leeds United FC,563,West Ham United FC,2.0,1.0,2026-01-13T00:20:53Z
537869,2025-10-25T14:00:00Z,FINISHED,9,PL,Premier League,England,61,Chelsea FC,71,Sunderland AFC,1.0,2.0,2026-01-13T00:20:53Z
537873,2025-10-25T14:00:00Z,FINISHED,9,PL,Premier League,England,67,Newcastle United FC,63,Fulham FC,2.0,1.0,2026-01-13T00:20:53Z
537872,2025-10-25T16:30:00Z,FINISHED,9,PL,Premier League,England,66,Manchester United FC,397,Brighton & Hove Albion FC,4.0,2.0,2026-01-13T00:20:53Z
537868,2025-10-25T19:00:00Z,FINISHED,9,PL,Premier League,England,402,Brentford FC,64,Liverpool FC,3.0,2.0,2026-01-13T00:20:53Z
537865,2025-10-26T14:00:00Z,FINISHED,9,PL,Premier League,England,1044,AFC Bournemouth,351,Nottingham Forest FC,2.0,0.0,2026-01-13T00:20:53Z
537866,2025-10-26T14:00:00Z,FINISHED,9,PL,Premier League,England,58,Aston Villa FC,65,Manchester City FC,1.0,0.0,2026-01-13T00:20:53Z
537867,2025-10-26T14:00:00Z,FINISHED,9,PL,Premier League,England,57,Arsenal FC,354,Crystal Palace FC,1.0,0.0,2026-01-13T00:20:53Z
537874,2025-10-26T14:00:00Z,FINISHED,9,PL,Premier League,England,76,Wolverhampton Wanderers FC,328,Burnley FC,2.0,3.0,2026-01-13T00:20:53Z
537870,2025-10-26T16:30:00Z,FINISHED,9,PL,Premier League,England,62,Everton FC,73,Tottenham Hotspur FC,0.0,3.0,2026-01-13T00:20:53Z
537876,2025-11-01T15:00:00Z,FINISHED,10,PL,Premier League,England,397,Brighton & Hove Albion FC,341,Leeds United FC,3.0,0.0,2026-01-13T00:20:53Z
537877,2025-11-01T15:00:00Z,FINISHED,10,PL,Premier League,England,354,Crystal Palace FC,402,Brentford FC,2.0,0.0,2026-01-13T00:20:53Z
537878,2025-11-01T15:00:00Z,FINISHED,10,PL,Premier League,England,328,Burnley FC,57,Arsenal FC,0.0,2.0,2026-01-13T00:20:53Z
537879,2025-11-01T15:00:00Z,FINISHED,10,PL,Premier League,England,63,Fulham FC,76,Wolverhampton Wanderers FC,3.0,0.0,2026-01-13T00:20:53Z
537882,2025-11-01T15:00:00Z,FINISHED,10,PL,Premier League,England,351,Nottingham Forest FC,66,Manchester United FC,2.0,2.0,2026-01-13T00:20:53Z
537883,2025-11-01T17:30:00Z,FINISHED,10,PL,Premier League,England,73,Tottenham Hotspur FC,61,Chelsea FC,0.0,1.0,2026-01-13T00:20:53Z
537880,2025-11-01T20:00:00Z,FINISHED,10,PL,Premier League,England,64,Liverpool FC,58,Aston Villa FC,2.0,0.0,2026-01-13T00:20:53Z
537884,2025-11-02T14:00:00Z,FINISHED,10,PL,Premier League,England,563,West Ham United FC,67,Newcastle United FC,3.0,1.0,2026-01-13T00:20:53Z
537881,2025-11-02T16:30:00Z,FINISHED,10,PL,Premier League,England,65,Manchester City FC,1044,AFC Bournemouth,3.0,1.0,2026-01-13T00:20:53Z
537875,2025-11-03T20:00:00Z,FINISHED,10,PL,Premier League,England,71,Sunderland AFC,62,Everton FC,1.0,1.0,2026-01-13T00:20:53Z
537893,2025-11-08T12:30:00Z,FINISHED,11,PL,Premier League,England,73,Tottenham Hotspur FC,66,Manchester United FC,2.0,2.0,2026-01-13T00:20:53Z
537890,2025-11-08T15:00:00Z,FINISHED,11,PL,Premier League,England,62,Everton FC,63,Fulham FC,2.0,0.0,2026-01-13T00:20:53Z
537894,2025-11-08T15:00:00Z,FINISHED,11,PL,Premier League,England,563,West Ham United FC,328,Burnley FC,3.0,2.0,2026-01-13T00:20:53Z
537885,2025-11-08T17:30:00Z,FINISHED,11,PL,Premier League,England,71,Sunderland AFC,57,Arsenal FC,2.0,2.0,2026-01-13T00:20:53Z
537889,2025-11-08T20:00:00Z,FINISHED,11,PL,Premier League,England,61,Chelsea FC,76,Wolverhampton Wanderers FC,3.0,0.0,2026-01-13T00:20:53Z
537886,2025-11-09T14:00:00Z,FINISHED,11,PL,Premier League,England,58,Aston Villa FC,1044,AFC Bournemouth,4.0,0.0,2026-01-13T00:20:53Z
537887,2025-11-09T14:00:00Z,FINISHED,11,PL,Premier League,England,354,Crystal Palace FC,397,Brighton & Hove Albion FC,0.0,0.0,2026-01-13T00:20:53Z
537888,2025-11-09T14:00:00Z,FINISHED,11,PL,Premier League,England,402,Brentford FC,67,Newcastle United FC,3.0,1.0,2026-01-13T00:20:53Z
537892,2025-11-09T14:00:00Z,FINISHED,11,PL,Premier League,England,351,Nottingham Forest FC,341,Leeds United FC,3.0,1.0,2026-01-13T00:20:53Z
537891,2025-11-09T16:30:00Z,FINISHED,11,PL,Premier League,England,65,Manchester City FC,64,Liverpool FC,3.0,0.0,2026-01-13T00:20:53Z
537898,2025-11-22T12:30:00Z,FINISHED,12,PL,Premier League,England,328,Burnley FC,61,Chelsea FC,0.0,2.0,2026-01-13T00:20:53Z
537895,2025-11-22T15:00:00Z,FINISHED,12,PL,Premier League,England,1044,AFC Bournemouth,563,West Ham United FC,2.0,2.0,2026-01-13T00:20:53Z
537896,2025-11-22T15:00:00Z,FINISHED,12,PL,Premier League,England,397,Brighton & Hove Albion FC,402,Brentford FC,2.0,1.0,2026-01-13T00:20:53Z
537899,2025-11-22T15:00:00Z,FINISHED,12,PL,Premier League,England,63,Fulham FC,71,Sunderland AFC,1.0,0.0,2026-01-13T00:20:53Z
537900,2025-11-22T15:00:00Z,FINISHED,12,PL,Premier League,England,64,Liverpool FC,351,Nottingham Forest FC,0.0,3.0,2026-01-13T00:20:53Z
537904,2025-11-22T15:00:00Z,FINISHED,12,PL,Premier League,England,76,Wolverhampton Wanderers FC,354,Crystal Palace FC,0.0,2.0,2026-01-13T00:20:53Z
537903,2025-11-22T17:30:00Z,FINISHED,12,PL,Premier League,England,67,Newcastle United FC,65,Manchester City FC,2.0,1.0,2026-01-13T00:20:53Z
537901,2025-11-23T14:00:00Z,FINISHED,12,PL,Premier League,England,341,Leeds United FC,58,Aston Villa FC,1.0,2.0,2026-01-13T00:20:53Z
537897,2025-11-23T16:30:00Z,FINISHED,12,PL,Premier League,England,57,Arsenal FC,73,Tottenham Hotspur FC,4.0,1.0,2026-01-13T00:20:53Z
537902,2025-11-24T20:00:00Z,FINISHED,12,PL,Premier League,England,66,Manchester United FC,62,Everton FC,0.0,1.0,2026-01-13T00:20:53Z
537905,2025-11-29T15:00:00Z,FINISHED,13,PL,Premier League,England,71,Sunderland AFC,1044,AFC Bournemouth,3.0,2.0,2026-01-13T00:20:53Z
537908,2025-11-29T15:00:00Z,FINISHED,13,PL,Premier League,England,402,Brentford FC,328,Burnley FC,3.0,1.0,2026-01-13T00:20:53Z
537911,2025-11-29T15:00:00Z,FINISHED,13,PL,Premier League,England,65,Manchester City FC,341,Leeds United FC,3.0,2.0,2026-01-13T00:20:53Z
537910,2025-11-29T17:30:00Z,FINISHED,13,PL,Premier League,England,62,Everton FC,67,Newcastle United FC,1.0,4.0,2026-01-13T00:20:53Z
537913,2025-11-29T20:00:00Z,FINISHED,13,PL,Premier League,England,73,Tottenham Hotspur FC,63,Fulham FC,1.0,2.0,2026-01-13T00:20:53Z
537907,2025-11-30T12:00:00Z,FINISHED,13,PL,Premier League,England,354,Crystal Palace FC,66,Manchester United FC,1.0,2.0,2026-01-13T00:20:53Z
537906,2025-11-30T14:05:00Z,FINISHED,13,PL,Premier League,England,58,Aston Villa FC,76,Wolverhampton Wanderers FC,1.0,0.0,2026-01-13T00:20:53Z
537912,2025-11-30T14:05:00Z,FINISHED,13,PL,Premier League,England,351,Nottingham Forest FC,397,Brighton & Hove Albion FC,0.0,2.0,2026-01-13T00:20:53Z
537914,2025-11-30T14:05:00Z,FINISHED,13,PL,Premier League,England,563,West Ham United FC,64,Liverpool FC,0.0,2.0,2026-01-13T00:20:53Z
537909,2025-11-30T16:30:00Z,FINISHED,13,PL,Premier League,England,61,Chelsea FC,57,Arsenal FC,1.0,1.0,2026-01-13T00:20:53Z
537915,2025-12-02T19:30:00Z,FINISHED,14,PL,Premier League,England,1044,AFC Bournemouth,62,Everton FC,0.0,1.0,2026-01-13T00:20:53Z
537919,2025-12-02T19:30:00Z,FINISHED,14,PL,Premier League,England,63,Fulham FC,65,Manchester City FC,4.0,5.0,2026-01-13T00:20:53Z
537923,2025-12-02T20:15:00Z,FINISHED,14,PL,Premier League,England,67,Newcastle United FC,73,Tottenham Hotspur FC,2.0,2.0,2026-01-13T00:20:53Z
537916,2025-12-03T19:30:00Z,FINISHED,14,PL,Premier League,England,397,Brighton & Hove Albion FC,58,Aston Villa FC,3.0,4.0,2026-01-13T00:20:53Z
537917,2025-12-03T19:30:00Z,FINISHED,14,PL,Premier League,England,57,Arsenal FC,402,Brentford FC,2.0,0.0,2026-01-13T00:20:53Z
537918,2025-12-03T19:30:00Z,FINISHED,14,PL,Premier League,England,328,Burnley FC,354,Crystal Palace FC,0.0,1.0,2026-01-13T00:20:53Z
537924,2025-12-03T19:30:00Z,FINISHED,14,PL,Premier League,England,76,Wolverhampton Wanderers FC,351,Nottingham Forest FC,0.0,1.0,2026-01-13T00:20:53Z
537920,2025-12-03T20:15:00Z,FINISHED,14,PL,Premier League,England,64,Liverpool FC,71,Sunderland AFC,1.0,1.0,2026-01-13T00:20:53Z
537921,2025-12-03T20:15:00Z,FINISHED,14,PL,Premier League,England,341,Leeds United FC,61,Chelsea FC,3.0,1.0,2026-01-13T00:20:53Z
537922,2025-12-04T20:00:00Z,FINISHED,14,PL,Premier League,England,66,Manchester United FC,563,West Ham United FC,1.0,1.0,2026-01-13T00:20:53Z
537926,2025-12-06T12:30:00Z,FINISHED,15,PL,Premier League,England,58,Aston Villa FC,57,Arsenal FC,2.0,1.0,2026-01-13T00:20:53Z
537925,2025-12-06T15:00:00Z,FINISHED,15,PL,Premier League,England,1044,AFC Bournemouth,61,Chelsea FC,0.0,0.0,2026-01-13T00:20:53Z
537928,2025-12-06T15:00:00Z,FINISHED,15,PL,Premier League,England,62,Everton FC,351,Nottingham Forest FC,3.0,0.0,2026-01-13T00:20:53Z
537931,2025-12-06T15:00:00Z,FINISHED,15,PL,Premier League,England,65,Manchester City FC,71,Sunderland AFC,3.0,0.0,2026-01-13T00:20:53Z
537932,2025-12-06T15:00:00Z,FINISHED,15,PL,Premier League,England,67,Newcastle United FC,328,Burnley FC,2.0,1.0,2026-01-13T00:20:53Z
537933,2025-12-06T15:00:00Z,FINISHED,15,PL,Premier League,England,73,Tottenham Hotspur FC,402,Brentford FC,2.0,0.0,2026-01-13T00:20:53Z
537930,2025-12-06T17:30:00Z,FINISHED,15,PL,Premier League,England,341,Leeds United FC,64,Liverpool FC,3.0,3.0,2026-01-13T00:20:53Z
537927,2025-12-07T14:00:00Z,FINISHED,15,PL,Premier League,England,397,Brighton & Hove Albion FC,563,West Ham United FC,1.0,1.0,2026-01-13T00:20:53Z
537929,2025-12-07T16:30:00Z,FINISHED,15,PL,Premier League,England,63,Fulham FC,354,Crystal Palace FC,1.0,2.0,2026-01-13T00:20:53Z
537934,2025-12-08T20:00:00Z,FINISHED,15,PL,Premier League,England,76,Wolverhampton Wanderers FC,66,Manchester United FC,1.0,4.0,2026-01-13T00:20:53Z
537940,2025-12-13T15:00:00Z,FINISHED,16,PL,Premier League,England,61,Chelsea FC,62,Everton FC,2.0,0.0,2026-01-13T00:20:53Z
537941,2025-12-13T15:00:00Z,FINISHED,16,PL,Premier League,England,64,Liverpool FC,397,Brighton & Hove Albion FC,2.0,0.0,2026-01-13T00:20:53Z
537939,2025-12-13T17:30:00Z,FINISHED,16,PL,Premier League,England,328,Burnley FC,63,Fulham FC,2.0,3.0,2026-01-13T00:20:53Z
537937,2025-12-13T20:00:00Z,FINISHED,16,PL,Premier League,England,57,Arsenal FC,76,Wolverhampton Wanderers FC,2.0,1.0,2026-01-13T00:20:53Z
537935,2025-12-14T14:00:00Z,FINISHED,16,PL,Premier League,England,71,Sunderland AFC,67,Newcastle United FC,1.0,0.0,2026-01-13T00:20:53Z
537936,2025-12-14T14:00:00Z,FINISHED,16,PL,Premier League,England,354,Crystal Palace FC,65,Manchester City FC,0.0,3.0,2026-01-13T00:20:53Z
537943,2025-12-14T14:00:00Z,FINISHED,16,PL,Premier League,England,351,Nottingham Forest FC,73,Tottenham Hotspur FC,3.0,0.0,2026-01-13T00:20:53Z
537944,2025-12-14T14:00:00Z,FINISHED,16,PL,Premier League,England,563,West Ham United FC,58,Aston Villa FC,2.0,3.0,2026-01-13T00:20:53Z
537938,2025-12-14T16:30:00Z,FINISHED,16,PL,Premier League,England,402,Brentford FC,341,Leeds United FC,1.0,1.0,2026-01-13T00:20:53Z
537942,2025-12-15T20:00:00Z,FINISHED,16,PL,Premier League,England,66,Manchester United FC,1044,AFC Bournemouth,4.0,4.0,2026-01-13T00:20:53Z
537952,2025-12-20T12:30:00Z,FINISHED,17,PL,Premier League,England,67,Newcastle United FC,61,Chelsea FC,2.0,2.0,2026-01-13T00:20:53Z
537945,2025-12-20T15:00:00Z,FINISHED,17,PL,Premier League,England,1044,AFC Bournemouth,328,Burnley FC,1.0,1.0,2026-01-13T00:20:53Z
537947,2025-12-20T15:00:00Z,FINISHED,17,PL,Premier League,England,397,Brighton & Hove Albion FC,71,Sunderland AFC,0.0,0.0,2026-01-13T00:20:53Z
537951,2025-12-20T15:00:00Z,FINISHED,17,PL,Premier League,England,65,Manchester City FC,563,West Ham United FC,3.0,0.0,2026-01-13T00:20:53Z
537954,2025-12-20T15:00:00Z,FINISHED,17,PL,Premier League,England,76,Wolverhampton Wanderers FC,402,Brentford FC,0.0,2.0,2026-01-13T00:20:53Z
537953,2025-12-20T17:30:00Z,FINISHED,17,PL,Premier League,England,73,Tottenham Hotspur FC,64,Liverpool FC,1.0,2.0,2026-01-13T00:20:53Z
537948,2025-12-20T20:00:00Z,FINISHED,17,PL,Premier League,England,62,Everton FC,57,Arsenal FC,0.0,1.0,2026-01-13T00:20:53Z
537950,2025-12-20T20:00:00Z,FINISHED,17,PL,Premier League,England,341,Leeds United FC,354,Crystal Palace FC,4.0,1.0,2026-01-13T00:20:53Z
537946,2025-12-21T16:30:00Z,FINISHED,17,PL,Premier League,England,58,Aston Villa FC,66,Manchester United FC,2.0,1.0,2026-01-13T00:20:53Z
537949,2025-12-22T20:00:00Z,FINISHED,17,PL,Premier League,England,63,Fulham FC,351,Nottingham Forest FC,1.0,0.0,2026-01-13T00:20:53Z
537962,2025-12-26T20:00:00Z,FINISHED,18,PL,Premier League,England,66,Manchester United FC,67,Newcastle United FC,1.0,0.0,2026-01-13T00:20:53Z
537963,2025-12-27T12:30:00Z,FINISHED,18,PL,Premier League,England,351,Nottingham Forest FC,65,Manchester City FC,1.0,2.0,2026-01-13T00:20:53Z
537957,2025-12-27T15:00:00Z,FINISHED,18,PL,Premier League,England,57,Arsenal FC,397,Brighton & Hove Albion FC,2.0,1.0,2026-01-13T00:20:53Z
537958,2025-12-27T15:00:00Z,FINISHED,18,PL,Premier League,England,402,Brentford FC,1044,AFC Bournemouth,4.0,1.0,2026-01-13T00:20:53Z
537959,2025-12-27T15:00:00Z,FINISHED,18,PL,Premier League,England,328,Burnley FC,62,Everton FC,0.0,0.0,2026-01-13T00:20:53Z
537961,2025-12-27T15:00:00Z,FINISHED,18,PL,Premier League,England,64,Liverpool FC,76,Wolverhampton Wanderers FC,2.0,1.0,2026-01-13T00:20:53Z
537964,2025-12-27T15:00:00Z,FINISHED,18,PL,Premier League,England,563,West Ham United FC,63,Fulham FC,0.0,1.0,2026-01-13T00:20:53Z
537960,2025-12-27T17:30:00Z,FINISHED,18,PL,Premier League,England,61,Chelsea FC,58,Aston Villa FC,1.0,2.0,2026-01-13T00:20:53Z
537955,2025-12-28T14:00:00Z,FINISHED,18,PL,Premier League,England,71,Sunderland AFC,341,Leeds United FC,1.0,1.0,2026-01-13T00:20:53Z
537956,2025-12-28T16:30:00Z,FINISHED,18,PL,Premier League,England,354,Crystal Palace FC,73,Tottenham Hotspur FC,0.0,1.0,2026-01-13T00:20:53Z
537969,2025-12-30T19:30:00Z,FINISHED,19,PL,Premier League,England,328,Burnley FC,67,Newcastle United FC,1.0,3.0,2026-01-13T00:20:53Z
537970,2025-12-30T19:30:00Z,FINISHED,19,PL,Premier League,England,61,Chelsea FC,1044,AFC Bournemouth,2.0,2.0,2026-01-13T00:20:53Z
537973,2025-12-30T19:30:00Z,FINISHED,19,PL,Premier League,England,351,Nottingham Forest FC,62,Everton FC,0.0,2.0,2026-01-13T00:20:53Z
537974,2025-12-30T19:30:00Z,FINISHED,19,PL,Premier League,England,563,West Ham United FC,397,Brighton & Hove Albion FC,2.0,2.0,2026-01-13T00:20:53Z
537967,2025-12-30T20:15:00Z,FINISHED,19,PL,Premier League,England,57,Arsenal FC,58,Aston Villa FC,4.0,1.0,2026-01-13T00:20:53Z
537972,2025-12-30T20:15:00Z,FINISHED,19,PL,Premier League,England,66,Manchester United FC,76,Wolverhampton Wanderers FC,1.0,1.0,2026-01-13T00:20:53Z
537966,2026-01-01T17:30:00Z,FINISHED,19,PL,Premier League,England,354,Crystal Palace FC,63,Fulham FC,1.0,1.0,2026-01-13T00:20:53Z
537971,2026-01-01T17:30:00Z,FINISHED,19,PL,Premier League,England,64,Liverpool FC,341,Leeds United FC,0.0,0.0,2026-01-13T00:20:53Z
537965,2026-01-01T20:00:00Z,FINISHED,19,PL,Premier League,England,71,Sunderland AFC,65,Manchester City FC,0.0,0.0,2026-01-13T00:20:53Z
537968,2026-01-01T20:00:00Z,FINISHED,19,PL,Premier League,England,402,Brentford FC,73,Tottenham Hotspur FC,0.0,0.0,2026-01-13T00:20:53Z
537976,2026-01-03T12:30:00Z,FINISHED,20,PL,Premier League,England,58,Aston Villa FC,351,Nottingham Forest FC,3.0,1.0,2026-01-13T00:20:53Z
537977,2026-01-03T15:00:00Z,FINISHED,20,PL,Premier League,England,397,Brighton & Hove Albion FC,328,Burnley FC,2.0,0.0,2026-01-13T00:20:53Z
537984,2026-01-03T15:00:00Z,FINISHED,20,PL,Premier League,England,76,Wolverhampton Wanderers FC,563,West Ham United FC,3.0,0.0,2026-01-13T00:20:53Z
537975,2026-01-03T17:30:00Z,FINISHED,20,PL,Premier League,England,1044,AFC Bournemouth,57,Arsenal FC,2.0,3.0,2026-01-13T00:20:53Z
537980,2026-01-04T12:30:00Z,FINISHED,20,PL,Premier League,England,341,Leeds United FC,66,Manchester United FC,1.0,1.0,2026-01-13T00:20:53Z
537978,2026-01-04T15:00:00Z,FINISHED,20,PL,Premier League,England,62,Everton FC,402,Brentford FC,2.0,4.0,2026-01-13T00:20:53Z
537982,2026-01-04T15:00:00Z,FINISHED,20,PL,Premier League,England,67,Newcastle United FC,354,Crystal Palace FC,2.0,0.0,2026-01-13T00:20:53Z
537983,2026-01-04T15:00:00Z,FINISHED,20,PL,Premier League,England,73,Tottenham Hotspur FC,71,Sunderland AFC,1.0,1.0,2026-01-13T00:20:53Z
537979,2026-01-04T15:15:00Z,FINISHED,20,PL,Premier League,England,63,Fulham FC,64,Liverpool FC,2.0,2.0,2026-01-13T00:20:53Z
537981,2026-01-04T17:30:00Z,FINISHED,20,PL,Premier League,England,65,Manchester City FC,61,Chelsea FC,1.0,1.0,2026-01-13T00:20:53Z
537994,2026-01-06T20:00:00Z,FINISHED,21,PL,Premier League,England,563,West Ham United FC,351,Nottingham Forest FC,1.0,2.0,2026-01-13T00:20:53Z
537985,2026-01-07T19:30:00Z,FINISHED,21,PL,Premier League,England,1044,AFC Bournemouth,73,Tottenham Hotspur FC,3.0,2.0,2026-01-13T00:20:53Z
537986,2026-01-07T19:30:00Z,FINISHED,21,PL,Premier League,England,354,Crystal Palace FC,58,Aston Villa FC,0.0,0.0,2026-01-13T00:20:53Z
537988,2026-01-07T19:30:00Z,FINISHED,21,PL,Premier League,England,402,Brentford FC,71,Sunderland AFC,3.0,0.0,2026-01-13T00:20:53Z
537990,2026-01-07T19:30:00Z,FINISHED,21,PL,Premier League,England,62,Everton FC,76,Wolverhampton Wanderers FC,1.0,1.0,2026-01-13T00:20:53Z
537991,2026-01-07T19:30:00Z,FINISHED,21,PL,Premier League,England,63,Fulham FC,61,Chelsea FC,2.0,1.0,2026-01-13T00:20:53Z
537992,2026-01-07T19:30:00Z,FINISHED,21,PL,Premier League,England,65,Manchester City FC,397,Brighton & Hove Albion FC,1.0,1.0,2026-01-13T00:20:53Z
537989,2026-01-07T20:15:00Z,FINISHED,21,PL,Premier League,England,328,Burnley FC,66,Manchester United FC,2.0,2.0,2026-01-13T00:20:53Z
537993,2026-01-07T20:15:00Z,FINISHED,21,PL,Premier League,England,67,Newcastle United FC,341,Leeds United FC,4.0,3.0,2026-01-13T00:20:53Z
537987,2026-01-08T20:00:00Z,FINISHED,21,PL,Premier League,England,57,Arsenal FC,64,Liverpool FC,0.0,0.0,2026-01-13T00:20:53Z
538001,2026-01-17T12:30:00Z,TIMED,22,PL,Premier League,England,66,Manchester United FC,65,Manchester City FC,,,2026-01-13T00:20:53Z
537995,2026-01-17T15:00:00Z,TIMED,22,PL,Premier League,England,71,Sunderland AFC,354,Crystal Palace FC,,,2026-01-11T01:32:01Z
537998,2026-01-17T15:00:00Z,TIMED,22,PL,Premier League,England,61,Chelsea FC,402,Brentford FC,,,2026-01-11T01:32:01Z
537999,2026-01-17T15:00:00Z,TIMED,22,PL,Premier League,England,64,Liverpool FC,328,Burnley FC,,,2026-01-11T01:32:01Z
538000,2026-01-17T15:00:00Z,TIMED,22,PL,Premier League,England,341,Leeds United FC,63,Fulham FC,,,2026-01-13T00:20:53Z
538003,2026-01-17T15:00:00Z,TIMED,22,PL,Premier League,England,73,Tottenham Hotspur FC,563,West Ham United FC,,,2026-01-11T01:32:01Z
538002,2026-01-17T17:30:00Z,TIMED,22,PL,Premier League,England,351,Nottingham Forest FC,57,Arsenal FC,,,2026-01-11T01:32:02Z
538004,2026-01-18T14:00:00Z,TIMED,22,PL,Premier League,England,76,Wolverhampton Wanderers FC,67,Newcastle United FC,,,2026-01-13T00:20:53Z
537996,2026-01-18T16:30:00Z,TIMED,22,PL,Premier League,England,58,Aston Villa FC,62,Everton FC,,,2026-01-12T01:32:02Z
537997,2026-01-19T20:00:00Z,TIMED,22,PL,Premier League,England,397,Brighton & Hove Albion FC,1044,AFC Bournemouth,,,2026-01-13T01:32:02Z
538014,2026-01-24T12:30:00Z,TIMED,23,PL,Premier League,England,563,West Ham United FC,71,Sunderland AFC,,,2025-11-25T15:21:19Z
538009,2026-01-24T15:00:00Z,TIMED,23,PL,Premier League,England,328,Burnley FC,73,Tottenham Hotspur FC,,,2025-11-25T15:21:19Z
538011,2026-01-24T15:00:00Z,TIMED,23,PL,Premier League,England,63,Fulham FC,397,Brighton & Hove Albion FC,,,2025-11-25T15:21:19Z
538012,2026-01-24T15:00:00Z,TIMED,23,PL,Premier League,England,65,Manchester City FC,76,Wolverhampton Wanderers FC,,,2026-01-13T00:20:53Z
538005,2026-01-24T17:30:00Z,TIMED,23,PL,Premier League,England,1044,AFC Bournemouth,64,Liverpool FC,,,2025-11-25T15:21:19Z
538006,2026-01-25T14:00:00Z,TIMED,23,PL,Premier League,England,354,Crystal Palace FC,61,Chelsea FC,,,2025-11-25T15:21:19Z
538008,2026-01-25T14:00:00Z,TIMED,23,PL,Premier League,England,402,Brentford FC,351,Nottingham Forest FC,,,2025-11-28T10:21:15Z
538013,2026-01-25T14:00:00Z,TIMED,23,PL,Premier League,England,67,Newcastle United FC,58,Aston Villa FC,,,2025-11-25T15:21:19Z
538007,2026-01-25T16:30:00Z,TIMED,23,PL,Premier League,England,57,Arsenal FC,66,Manchester United FC,,,2026-01-13T00:20:53Z
538010,2026-01-26T20:00:00Z,TIMED,23,PL,Premier League,England,62,Everton FC,341,Leeds United FC,,,2026-01-13T00:20:53Z
538017,2026-01-31T15:00:00Z,TIMED,24,PL,Premier League,England,397,Brighton & Hove Albion FC,62,Everton FC,,,2025-11-25T15:21:19Z
538020,2026-01-31T15:00:00Z,TIMED,24,PL,Premier League,England,341,Leeds United FC,57,Arsenal FC,,,2026-01-13T00:20:53Z
538024,2026-01-31T15:00:00Z,TIMED,24,PL,Premier League,England,76,Wolverhampton Wanderers FC,1044,AFC Bournemouth,,,2026-01-13T00:20:53Z
538018,2026-01-31T17:30:00Z,TIMED,24,PL,Premier League,England,61,Chelsea FC,563,West Ham United FC,,,2025-11-25T15:21:19Z
538019,2026-01-31T20:00:00Z,TIMED,24,PL,Premier League,England,64,Liverpool FC,67,Newcastle United FC,,,2025-11-25T15:21:19Z
538016,2026-02-01T14:00:00Z,TIMED,24,PL,Premier League,England,58,Aston Villa FC,402,Brentford FC,,,2025-11-25T15:21:19Z
538021,2026-02-01T14:00:00Z,TIMED,24,PL,Premier League,England,66,Manchester United FC,63,Fulham FC,,,2026-01-13T00:20:53Z
538022,2026-02-01T14:00:00Z,TIMED,24,PL,Premier League,England,351,Nottingham Forest FC,354,Crystal Palace FC,,,2025-11-25T15:21:19Z
538023,2026-02-01T16:30:00Z,TIMED,24,PL,Premier League,England,73,Tottenham Hotspur FC,65,Manchester City FC,,,2026-01-13T00:20:53Z
538015,2026-02-02T20:00:00Z,TIMED,24,PL,Premier League,England,71,Sunderland AFC,328,Burnley FC,,,2025-11-25T15:21:19Z
538031,2026-02-06T20:00:00Z,TIMED,25,PL,Premier League,England,341,Leeds United FC,351,Nottingham Forest FC,,,2026-01-13T00:20:53Z
538032,2026-02-07T12:30:00Z,TIMED,25,PL,Premier League,England,66,Manchester United FC,73,Tottenham Hotspur FC,,,2026-01-13T00:20:53Z
538025,2026-02-07T15:00:00Z,TIMED,25,PL,Premier League,England,1044,AFC Bournemouth,58,Aston Villa FC,,,2025-12-19T10:21:02Z
538027,2026-02-07T15:00:00Z,TIMED,25,PL,Premier League,England,57,Arsenal FC,71,Sunderland AFC,,,2025-12-19T10:21:02Z
538028,2026-02-07T15:00:00Z,TIMED,25,PL,Premier League,England,328,Burnley FC,563,West Ham United FC,,,2025-12-19T10:21:02Z
538029,2026-02-07T15:00:00Z,TIMED,25,PL,Premier League,England,63,Fulham FC,62,Everton FC,,,2025-12-19T10:21:02Z
538034,2026-02-07T15:00:00Z,TIMED,25,PL,Premier League,England,76,Wolverhampton Wanderers FC,61,Chelsea FC,,,2026-01-13T00:20:53Z
538033,2026-02-07T17:30:00Z,TIMED,25,PL,Premier League,England,67,Newcastle United FC,402,Brentford FC,,,2025-12-19T10:21:02Z
538026,2026-02-08T14:00:00Z,TIMED,25,PL,Premier League,England,397,Brighton & Hove Albion FC,354,Crystal Palace FC,,,2025-12-19T10:21:02Z
538030,2026-02-08T16:30:00Z,TIMED,25,PL,Premier League,England,64,Liverpool FC,65,Manchester City FC,,,2026-01-13T00:20:53Z
538039,2026-02-10T19:30:00Z,TIMED,26,PL,Premier League,England,61,Chelsea FC,341,Leeds United FC,,,2026-01-13T00:20:53Z
538040,2026-02-10T19:30:00Z,TIMED,26,PL,Premier League,England,62,Everton FC,1044,AFC Bournemouth,,,2025-12-19T10:21:02Z
538043,2026-02-10T19:30:00Z,TIMED,26,PL,Premier League,England,73,Tottenham Hotspur FC,67,Newcastle United FC,,,2025-12-19T10:21:02Z
538044,2026-02-10T20:15:00Z,TIMED,26,PL,Premier League,England,563,West Ham United FC,66,Manchester United FC,,,2026-01-13T00:20:53Z
538036,2026-02-11T19:30:00Z,TIMED,26,PL,Premier League,England,58,Aston Villa FC,397,Brighton & Hove Albion FC,,,2025-12-19T10:21:02Z
538037,2026-02-11T19:30:00Z,TIMED,26,PL,Premier League,England,354,Crystal Palace FC,328,Burnley FC,,,2025-12-19T10:21:02Z
538041,2026-02-11T19:30:00Z,TIMED,26,PL,Premier League,England,65,Manchester City FC,63,Fulham FC,,,2026-01-13T00:20:53Z
538042,2026-02-11T19:30:00Z,TIMED,26,PL,Premier League,England,351,Nottingham Forest FC,76,Wolverhampton Wanderers FC,,,2026-01-13T00:20:53Z
538035,2026-02-11T20:15:00Z,TIMED,26,PL,Premier League,England,71,Sunderland AFC,64,Liverpool FC,,,2025-12-19T10:21:02Z
538038,2026-02-12T20:00:00Z,TIMED,26,PL,Premier League,England,402,Brentford FC,57,Arsenal FC,,,2025-12-19T10:21:02Z
538051,2026-02-21T12:30:00Z,TIMED,27,PL,Premier League,England,65,Manchester City FC,67,Newcastle United FC,,,2026-01-13T00:20:53Z
538046,2026-02-21T15:00:00Z,TIMED,27,PL,Premier League,England,58,Aston Villa FC,341,Leeds United FC,,,2026-01-13T00:20:53Z
538047,2026-02-21T15:00:00Z,TIMED,27,PL,Premier League,England,354,Crystal Palace FC,76,Wolverhampton Wanderers FC,,,2026-01-13T00:20:53Z
538048,2026-02-21T15:00:00Z,TIMED,27,PL,Premier League,England,402,Brentford FC,397,Brighton & Hove Albion FC,,,2025-12-19T10:21:02Z
538049,2026-02-21T15:00:00Z,TIMED,27,PL,Premier League,England,61,Chelsea FC,328,Burnley FC,,,2025-12-19T10:21:02Z
538052,2026-02-21T15:00:00Z,TIMED,27,PL,Premier League,England,351,Nottingham Forest FC,64,Liverpool FC,,,2025-12-19T10:21:02Z
538054,2026-02-21T17:30:00Z,TIMED,27,PL,Premier League,England,563,West Ham United FC,1044,AFC Bournemouth,,,2025-12-19T10:21:02Z
538045,2026-02-22T14:00:00Z,TIMED,27,PL,Premier League,England,71,Sunderland AFC,63,Fulham FC,,,2025-12-19T10:21:02Z
538053,2026-02-22T16:30:00Z,TIMED,27,PL,Premier League,England,73,Tottenham Hotspur FC,57,Arsenal FC,,,2025-12-19T10:21:02Z
538050,2026-02-23T20:00:00Z,TIMED,27,PL,Premier League,England,62,Everton FC,66,Manchester United FC,,,2026-01-13T00:20:53Z
538064,2026-02-27T20:00:00Z,TIMED,28,PL,Premier League,England,76,Wolverhampton Wanderers FC,58,Aston Villa FC,,,2026-01-13T00:20:53Z
538055,2026-02-28T12:30:00Z,TIMED,28,PL,Premier League,England,1044,AFC Bournemouth,71,Sunderland AFC,,,2025-12-19T10:21:02Z
538056,2026-02-28T15:00:00Z,TIMED,28,PL,Premier League,England,397,Brighton & Hove Albion FC,351,Nottingham Forest FC,,,2025-12-19T10:21:02Z
538058,2026-02-28T15:00:00Z,TIMED,28,PL,Premier League,England,328,Burnley FC,402,Brentford FC,,,2025-12-19T10:21:02Z
538060,2026-02-28T15:00:00Z,TIMED,28,PL,Premier League,England,64,Liverpool FC,563,West Ham United FC,,,2025-12-19T10:21:02Z
538062,2026-02-28T15:00:00Z,TIMED,28,PL,Premier League,England,66,Manchester United FC,354,Crystal Palace FC,,,2026-01-13T00:20:53Z
538063,2026-02-28T15:00:00Z,TIMED,28,PL,Premier League,England,67,Newcastle United FC,62,Everton FC,,,2025-12-19T10:21:02Z
538061,2026-02-28T17:30:00Z,TIMED,28,PL,Premier League,England,341,Leeds United FC,65,Manchester City FC,,,2026-01-13T00:20:53Z
538059,2026-03-01T14:00:00Z,TIMED,28,PL,Premier League,England,63,Fulham FC,73,Tottenham Hotspur FC,,,2025-12-30T15:20:56Z
538057,2026-03-01T16:30:00Z,TIMED,28,PL,Premier League,England,57,Arsenal FC,61,Chelsea FC,,,2025-12-30T15:20:56Z
538065,2026-03-04T20:00:00Z,TIMED,29,PL,Premier League,England,1044,AFC Bournemouth,402,Brentford FC,,,2025-12-29T15:20:57Z
538066,2026-03-04T20:00:00Z,TIMED,29,PL,Premier League,England,58,Aston Villa FC,61,Chelsea FC,,,2025-12-29T15:20:57Z
538067,2026-03-04T20:00:00Z,TIMED,29,PL,Premier League,England,397,Brighton & Hove Albion FC,57,Arsenal FC,,,2025-12-29T15:20:57Z
538068,2026-03-04T20:00:00Z,TIMED,29,PL,Premier League,England,62,Everton FC,328,Burnley FC,,,2025-12-29T15:20:57Z
538069,2026-03-04T20:00:00Z,TIMED,29,PL,Premier League,England,63,Fulham FC,563,West Ham United FC,,,2025-12-29T15:20:57Z
538070,2026-03-04T20:00:00Z,TIMED,29,PL,Premier League,England,341,Leeds United FC,71,Sunderland AFC,,,2026-01-13T00:20:53Z
538071,2026-03-04T20:00:00Z,TIMED,29,PL,Premier League,England,65,Manchester City FC,351,Nottingham Forest FC,,,2026-01-13T00:20:53Z
538072,2026-03-04T20:00:00Z,TIMED,29,PL,Premier League,England,67,Newcastle United FC,66,Manchester United FC,,,2026-01-13T00:20:53Z
538073,2026-03-04T20:00:00Z,TIMED,29,PL,Premier League,England,73,Tottenham Hotspur FC,354,Crystal Palace FC,,,2025-12-29T15:20:57Z
538074,2026-03-04T20:00:00Z,TIMED,29,PL,Premier League,England,76,Wolverhampton Wanderers FC,64,Liverpool FC,,,2026-01-13T00:20:53Z
538075,2026-03-14T15:00:00Z,TIMED,30,PL,Premier League,England,71,Sunderland AFC,397,Brighton & Hove Albion FC,,,2025-12-29T15:20:57Z
538076,2026-03-14T15:00:00Z,TIMED,30,PL,Premier League,England,354,Crystal Palace FC,341,Leeds United FC,,,2026-01-13T00:20:53Z
538077,2026-03-14T15:00:00Z,TIMED,30,PL,Premier League,England,57,Arsenal FC,62,Everton FC,,,2025-12-29T15:20:57Z
538078,2026-03-14T15:00:00Z,TIMED,30,PL,Premier League,England,402,Brentford FC,76,Wolverhampton Wanderers FC,,,2026-01-13T00:20:53Z
538079,2026-03-14T15:00:00Z,TIMED,30,PL,Premier League,England,328,Burnley FC,1044,AFC Bournemouth,,,2025-12-29T15:20:57Z
538080,2026-03-14T15:00:00Z,TIMED,30,PL,Premier League,England,61,Chelsea FC,67,Newcastle United FC,,,2025-12-29T15:20:57Z
538081,2026-03-14T15:00:00Z,TIMED,30,PL,Premier League,England,64,Liverpool FC,73,Tottenham Hotspur FC,,,2025-12-29T15:20:57Z
538082,2026-03-14T15:00:00Z,TIMED,30,PL,Premier League,England,66,Manchester United FC,58,Aston Villa FC,,,2026-01-13T00:20:53Z
538083,2026-03-14T15:00:00Z,TIMED,30,PL,Premier League,England,351,Nottingham Forest FC,63,Fulham FC,,,2025-12-29T15:20:57Z
538084,2026-03-14T15:00:00Z,TIMED,30,PL,Premier League,England,563,West Ham United FC,65,Manchester City FC,,,2026-01-13T00:20:53Z
538085,2026-03-21T15:00:00Z,TIMED,31,PL,Premier League,England,1044,AFC Bournemouth,66,Manchester United FC,,,2026-01-13T00:20:53Z
538086,2026-03-21T15:00:00Z,TIMED,31,PL,Premier League,England,58,Aston Villa FC,563,West Ham United FC,,,2025-12-29T15:20:57Z
538087,2026-03-21T15:00:00Z,TIMED,31,PL,Premier League,England,397,Brighton & Hove Albion FC,64,Liverpool FC,,,2025-12-29T15:20:57Z
538088,2026-03-21T15:00:00Z,TIMED,31,PL,Premier League,England,62,Everton FC,61,Chelsea FC,,,2025-12-29T15:20:57Z
538089,2026-03-21T15:00:00Z,TIMED,31,PL,Premier League,England,63,Fulham FC,328,Burnley FC,,,2025-12-29T15:20:57Z
538090,2026-03-21T15:00:00Z,TIMED,31,PL,Premier League,England,341,Leeds United FC,402,Brentford FC,,,2026-01-13T00:20:53Z
538091,2026-03-21T15:00:00Z,TIMED,31,PL,Premier League,England,65,Manchester City FC,354,Crystal Palace FC,,,2026-01-13T00:20:53Z
538092,2026-03-21T15:00:00Z,TIMED,31,PL,Premier League,England,67,Newcastle United FC,71,Sunderland AFC,,,2025-12-29T15:20:57Z
538093,2026-03-21T15:00:00Z,TIMED,31,PL,Premier League,England,73,Tottenham Hotspur FC,351,Nottingham Forest FC,,,2025-12-29T15:20:57Z
538094,2026-03-21T15:00:00Z,TIMED,31,PL,Premier League,England,76,Wolverhampton Wanderers FC,57,Arsenal FC,,,2026-01-13T00:20:53Z
538095,2026-04-11T14:00:00Z,TIMED,32,PL,Premier League,England,71,Sunderland AFC,73,Tottenham Hotspur FC,,,2025-12-29T15:20:57Z
538096,2026-04-11T14:00:00Z,TIMED,32,PL,Premier League,England,354,Crystal Palace FC,67,Newcastle United FC,,,2025-12-29T15:20:57Z
538097,2026-04-11T14:00:00Z,TIMED,32,PL,Premier League,England,57,Arsenal FC,1044,AFC Bournemouth,,,2025-12-29T15:20:57Z
538098,2026-04-11T14:00:00Z,TIMED,32,PL,Premier League,England,402,Brentford FC,62,Everton FC,,,2025-12-29T15:20:57Z
538099,2026-04-11T14:00:00Z,TIMED,32,PL,Premier League,England,328,Burnley FC,397,Brighton & Hove Albion FC,,,2025-12-29T15:20:57Z
538100,2026-04-11T14:00:00Z,TIMED,32,PL,Premier League,England,61,Chelsea FC,65,Manchester City FC,,,2026-01-13T00:20:53Z
538101,2026-04-11T14:00:00Z,TIMED,32,PL,Premier League,England,64,Liverpool FC,63,Fulham FC,,,2025-12-29T15:20:57Z
538102,2026-04-11T14:00:00Z,TIMED,32,PL,Premier League,England,66,Manchester United FC,341,Leeds United FC,,,2026-01-13T00:20:53Z
538103,2026-04-11T14:00:00Z,TIMED,32,PL,Premier League,England,351,Nottingham Forest FC,58,Aston Villa FC,,,2025-12-29T15:20:57Z
538104,2026-04-11T14:00:00Z,TIMED,32,PL,Premier League,England,563,West Ham United FC,76,Wolverhampton Wanderers FC,,,2026-01-13T00:20:53Z
538112,2026-04-18T14:00:00Z,TIMED,33,PL,Premier League,England,67,Newcastle United FC,1044,AFC Bournemouth,,,2025-12-29T15:20:57Z
538113,2026-04-18T14:00:00Z,TIMED,33,PL,Premier League,England,351,Nottingham Forest FC,328,Burnley FC,,,2025-12-29T15:20:57Z
538114,2026-04-18T14:00:00Z,TIMED,33,PL,Premier League,England,73,Tottenham Hotspur FC,397,Brighton & Hove Albion FC,,,2025-12-29T15:20:57Z
538105,2026-04-18T14:00:00Z,TIMED,33,PL,Premier League,England,58,Aston Villa FC,71,Sunderland AFC,,,2025-12-29T15:20:57Z
538106,2026-04-18T14:00:00Z,TIMED,33,PL,Premier League,England,354,Crystal Palace FC,563,West Ham United FC,,,2025-12-29T15:20:57Z
538107,2026-04-18T14:00:00Z,TIMED,33,PL,Premier League,England,402,Brentford FC,63,Fulham FC,,,2025-12-29T15:20:57Z
538108,2026-04-18T14:00:00Z,TIMED,33,PL,Premier League,England,61,Chelsea FC,66,Manchester United FC,,,2026-01-13T00:20:53Z
538109,2026-04-18T14:00:00Z,TIMED,33,PL,Premier League,England,62,Everton FC,64,Liverpool FC,,,2025-12-29T15:20:57Z
538110,2026-04-18T14:00:00Z,TIMED,33,PL,Premier League,England,341,Leeds United FC,76,Wolverhampton Wanderers FC,,,2026-01-13T00:20:53Z
538111,2026-04-18T14:00:00Z,TIMED,33,PL,Premier League,England,65,Manchester City FC,57,Arsenal FC,,,2026-01-13T00:20:53Z
538115,2026-04-25T14:00:00Z,TIMED,34,PL,Premier League,England,1044,AFC Bournemouth,341,Leeds United FC,,,2026-01-13T00:20:53Z
538116,2026-04-25T14:00:00Z,TIMED,34,PL,Premier League,England,71,Sunderland AFC,351,Nottingham Forest FC,,,2025-12-29T15:20:57Z
538117,2026-04-25T14:00:00Z,TIMED,34,PL,Premier League,England,397,Brighton & Hove Albion FC,61,Chelsea FC,,,2025-12-29T15:20:57Z
538118,2026-04-25T14:00:00Z,TIMED,34,PL,Premier League,England,57,Arsenal FC,67,Newcastle United FC,,,2025-12-29T15:20:57Z
538119,2026-04-25T14:00:00Z,TIMED,34,PL,Premier League,England,328,Burnley FC,65,Manchester City FC,,,2026-01-13T00:20:53Z
538120,2026-04-25T14:00:00Z,TIMED,34,PL,Premier League,England,63,Fulham FC,58,Aston Villa FC,,,2025-12-29T15:20:57Z
538121,2026-04-25T14:00:00Z,TIMED,34,PL,Premier League,England,64,Liverpool FC,354,Crystal Palace FC,,,2025-12-29T15:20:57Z
538122,2026-04-25T14:00:00Z,TIMED,34,PL,Premier League,England,66,Manchester United FC,402,Brentford FC,,,2026-01-13T00:20:53Z
538123,2026-04-25T14:00:00Z,TIMED,34,PL,Premier League,England,563,West Ham United FC,62,Everton FC,,,2025-12-29T15:20:57Z
538124,2026-04-25T14:00:00Z,TIMED,34,PL,Premier League,England,76,Wolverhampton Wanderers FC,73,Tottenham Hotspur FC,,,2026-01-13T00:20:53Z
538125,2026-05-02T14:00:00Z,TIMED,35,PL,Premier League,England,1044,AFC Bournemouth,354,Crystal Palace FC,,,2025-12-29T15:20:57Z
538126,2026-05-02T14:00:00Z,TIMED,35,PL,Premier League,England,58,Aston Villa FC,73,Tottenham Hotspur FC,,,2025-12-29T15:20:57Z
538127,2026-05-02T14:00:00Z,TIMED,35,PL,Premier League,England,57,Arsenal FC,63,Fulham FC,,,2025-12-29T15:20:57Z
538128,2026-05-02T14:00:00Z,TIMED,35,PL,Premier League,England,402,Brentford FC,563,West Ham United FC,,,2025-12-29T15:20:57Z
538129,2026-05-02T14:00:00Z,TIMED,35,PL,Premier League,England,61,Chelsea FC,351,Nottingham Forest FC,,,2025-12-29T15:20:57Z
538130,2026-05-02T14:00:00Z,TIMED,35,PL,Premier League,England,62,Everton FC,65,Manchester City FC,,,2026-01-13T00:20:53Z
538131,2026-05-02T14:00:00Z,TIMED,35,PL,Premier League,England,341,Leeds United FC,328,Burnley FC,,,2026-01-13T00:20:54Z
538132,2026-05-02T14:00:00Z,TIMED,35,PL,Premier League,England,66,Manchester United FC,64,Liverpool FC,,,2026-01-13T00:20:54Z
538133,2026-05-02T14:00:00Z,TIMED,35,PL,Premier League,England,67,Newcastle United FC,397,Brighton & Hove Albion FC,,,2025-12-29T15:20:57Z
538134,2026-05-02T14:00:00Z,TIMED,35,PL,Premier League,England,76,Wolverhampton Wanderers FC,71,Sunderland AFC,,,2026-01-13T00:20:54Z
538135,2026-05-09T14:00:00Z,TIMED,36,PL,Premier League,England,71,Sunderland AFC,66,Manchester United FC,,,2026-01-13T00:20:54Z
538136,2026-05-09T14:00:00Z,TIMED,36,PL,Premier League,England,397,Brighton & Hove Albion FC,76,Wolverhampton Wanderers FC,,,2026-01-13T00:20:54Z
538137,2026-05-09T14:00:00Z,TIMED,36,PL,Premier League,England,354,Crystal Palace FC,62,Everton FC,,,2025-12-29T15:20:57Z
538138,2026-05-09T14:00:00Z,TIMED,36,PL,Premier League,England,328,Burnley FC,58,Aston Villa FC,,,2025-12-29T15:20:57Z
538139,2026-05-09T14:00:00Z,TIMED,36,PL,Premier League,England,63,Fulham FC,1044,AFC Bournemouth,,,2025-12-29T15:20:57Z
538140,2026-05-09T14:00:00Z,TIMED,36,PL,Premier League,England,64,Liverpool FC,61,Chelsea FC,,,2025-12-29T15:20:57Z
538141,2026-05-09T14:00:00Z,TIMED,36,PL,Premier League,England,65,Manchester City FC,402,Brentford FC,,,2026-01-13T00:20:54Z
538142,2026-05-09T14:00:00Z,TIMED,36,PL,Premier League,England,351,Nottingham Forest FC,67,Newcastle United FC,,,2025-12-29T15:20:57Z
538143,2026-05-09T14:00:00Z,TIMED,36,PL,Premier League,England,73,Tottenham Hotspur FC,341,Leeds United FC,,,2026-01-13T00:20:54Z
538144,2026-05-09T14:00:00Z,TIMED,36,PL,Premier League,England,563,West Ham United FC,57,Arsenal FC,,,2025-12-29T15:20:57Z
538145,2026-05-17T14:00:00Z,TIMED,37,PL,Premier League,England,1044,AFC Bournemouth,65,Manchester City FC,,,2026-01-13T00:20:54Z
538146,2026-05-17T14:00:00Z,TIMED,37,PL,Premier League,England,58,Aston Villa FC,64,Liverpool FC,,,2025-12-29T15:20:57Z
538147,2026-05-17T14:00:00Z,TIMED,37,PL,Premier League,England,57,Arsenal FC,328,Burnley FC,,,2025-12-29T15:20:57Z
538148,2026-05-17T14:00:00Z,TIMED,37,PL,Premier League,England,402,Brentford FC,354,Crystal Palace FC,,,2025-12-29T15:20:57Z
538149,2026-05-17T14:00:00Z,TIMED,37,PL,Premier League,England,61,Chelsea FC,73,Tottenham Hotspur FC,,,2025-12-29T15:20:57Z
538150,2026-05-17T14:00:00Z,TIMED,37,PL,Premier League,England,62,Everton FC,71,Sunderland AFC,,,2025-12-29T15:20:57Z
538151,2026-05-17T14:00:00Z,TIMED,37,PL,Premier League,England,341,Leeds United FC,397,Brighton & Hove Albion FC,,,2026-01-13T00:20:54Z
538152,2026-05-17T14:00:00Z,TIMED,37,PL,Premier League,England,66,Manchester United FC,351,Nottingham Forest FC,,,2026-01-13T00:20:54Z
538153,2026-05-17T14:00:00Z,TIMED,37,PL,Premier League,England,67,Newcastle United FC,563,West Ham United FC,,,2025-12-29T15:20:57Z
538154,2026-05-17T14:00:00Z,TIMED,37,PL,Premier League,England,76,Wolverhampton Wanderers FC,63,Fulham FC,,,2026-01-13T00:20:54Z
538155,2026-05-24T15:00:00Z,TIMED,38,PL,Premier League,England,71,Sunderland AFC,61,Chelsea FC,,,2025-12-29T15:20:57Z
538156,2026-05-24T15:00:00Z,TIMED,38,PL,Premier League,England,397,Brighton & Hove Albion FC,66,Manchester United FC,,,2026-01-13T00:20:54Z
538157,2026-05-24T15:00:00Z,TIMED,38,PL,Premier League,England,354,Crystal Palace FC,57,Arsenal FC,,,2025-12-29T15:20:57Z
538158,2026-05-24T15:00:00Z,TIMED,38,PL,Premier League,England,328,Burnley FC,76,Wolverhampton Wanderers FC,,,2026-01-13T00:20:54Z
538159,2026-05-24T15:00:00Z,TIMED,38,PL,Premier League,England,63,Fulham FC,67,Newcastle United FC,,,2025-12-29T15:20:57Z
538160,2026-05-24T15:00:00Z,TIMED,38,PL,Premier League,England,64,Liverpool FC,402,Brentford FC,,,2025-12-29T15:20:57Z
538161,2026-05-24T15:00:00Z,TIMED,38,PL,Premier League,England,65,Manchester City FC,58,Aston Villa FC,,,2026-01-13T00:20:54Z
538162,2026-05-24T15:00:00Z,TIMED,38,PL,Premier League,England,351,Nottingham Forest FC,1044,AFC Bournemouth,,,2025-12-29T15:20:57Z
538163,2026-05-24T15:00:00Z,TIMED,38,PL,Premier League,England,73,Tottenham Hotspur FC,62,Everton FC,,,2025-12-29T15:20:57Z
538164,2026-05-24T15:00:00Z,TIMED,38,PL,Premier League,England,563,West Ham United FC,341,Leeds United FC,,,2026-01-13T00:20:54Z
